都道府県,市町村,島,理由
北海道,奥尻町,奥尻島,フェリー（または航空機）でしか車で渡れない島
北海道,礼文町,礼文島,フェリー（または航空機）でしか車で渡れない島
北海道,利尻町,利尻島,フェリー（または航空機）でしか車で渡れない島
北海道,利尻富士町,利尻島,フェリー（または航空機）でしか車で渡れない島
東京都,大島町,伊豆大島,フェリー（または航空機）でしか車で渡れない島
東京都,利島村,利島,フェリー（または航空機）でしか車で渡れない島
東京都,新島村,新島・式根島,フェリー（または航空機）でしか車で渡れない島
東京都,神津島村,神津島,フェリー（または航空機）でしか車で渡れない島
東京都,三宅村,三宅島,フェリー（または航空機）でしか車で渡れない島
東京都,御蔵島村,御蔵島,フェリー（または航空機）でしか車で渡れない島
東京都,八丈町,八丈島,フェリー（または航空機）でしか車で渡れない島
東京都,青ヶ島村,青ヶ島,フェリー（または航空機）でしか車で渡れない島
東京都,小笠原村,小笠原諸島,フェリー（または航空機）でしか車で渡れない島
新潟県,佐渡市,佐渡島,フェリー（または航空機）でしか車で渡れない島
新潟県,粟島浦村,粟島,フェリー（または航空機）でしか車で渡れない島
島根県,海士町,中ノ島（隠岐）,フェリー（または航空機）でしか車で渡れない島
島根県,西ノ島町,西ノ島（隠岐）,フェリー（または航空機）でしか車で渡れない島
島根県,知夫村,知夫里島（隠岐）,フェリー（または航空機）でしか車で渡れない島
島根県,隠岐の島町,島後（隠岐）,フェリー（または航空機）でしか車で渡れない島
広島県,大崎上島町,大崎上島,フェリー（または航空機）でしか車で渡れない島
香川県,土庄町,小豆島,フェリー（または航空機）でしか車で渡れない島
香川県,小豆島町,小豆島,フェリー（または航空機）でしか車で渡れない島
香川県,直島町,直島,フェリー（または航空機）でしか車で渡れない島
愛媛県,上島町,弓削島・生名島・岩城島など（上島諸島）,フェリー（または航空機）でしか車で渡れない島
長崎県,対馬市,対馬,フェリー（または航空機）でしか車で渡れない島
長崎県,壱岐市,壱岐,フェリー（または航空機）でしか車で渡れない島
長崎県,五島市,福江島など（五島列島）,フェリー（または航空機）でしか車で渡れない島
長崎県,小値賀町,小値賀島,フェリー（または航空機）でしか車で渡れない島
長崎県,新上五島町,中通島など（五島列島）,フェリー（または航空機）でしか車で渡れない島
大分県,姫島村,姫島,フェリー（または航空機）でしか車で渡れない島
鹿児島県,西之表市,種子島,フェリー（または航空機）でしか車で渡れない島
鹿児島県,奄美市,奄美大島,フェリー（または航空機）でしか車で渡れない島
鹿児島県,三島村,竹島・硫黄島・黒島（三島村）,フェリー（または航空機）でしか車で渡れない島
鹿児島県,十島村,トカラ列島,フェリー（または航空機）でしか車で渡れない島
鹿児島県,中種子町,種子島,フェリー（または航空機）でしか車で渡れない島
鹿児島県,南種子町,種子島,フェリー（または航空機）でしか車で渡れない島
鹿児島県,屋久島町,屋久島・口永良部島,フェリー（または航空機）でしか車で渡れない島
鹿児島県,大和村,奄美大島,フェリー（または航空機）でしか車で渡れない島
鹿児島県,宇検村,奄美大島,フェリー（または航空機）でしか車で渡れない島
鹿児島県,瀬戸内町,奄美大島,フェリー（または航空機）でしか車で渡れない島
鹿児島県,龍郷町,奄美大島,フェリー（または航空機）でしか車で渡れない島
鹿児島県,喜界町,喜界島,フェリー（または航空機）でしか車で渡れない島
鹿児島県,徳之島町,徳之島,フェリー（または航空機）でしか車で渡れない島
鹿児島県,天城町,徳之島,フェリー（または航空機）でしか車で渡れない島
鹿児島県,伊仙町,徳之島,フェリー（または航空機）でしか車で渡れない島
鹿児島県,和泊町,沖永良部島,フェリー（または航空機）でしか車で渡れない島
鹿児島県,知名町,沖永良部島,フェリー（または航空機）でしか車で渡れない島
鹿児島県,与論町,与論島,フェリー（または航空機）でしか車で渡れない島
沖縄県,石垣市,石垣島,フェリー（または航空機）でしか車で渡れない島
沖縄県,宮古島市,宮古島（伊良部島・池間島・来間島と橋で接続）,フェリー（または航空機）でしか車で渡れない島
沖縄県,伊江村,伊江島,フェリー（または航空機）でしか車で渡れない島
沖縄県,渡嘉敷村,渡嘉敷島,フェリー（または航空機）でしか車で渡れない島
沖縄県,座間味村,座間味島など（慶良間諸島）,フェリー（または航空機）でしか車で渡れない島
沖縄県,粟国村,粟国島,フェリー（または航空機）でしか車で渡れない島
沖縄県,渡名喜村,渡名喜島,フェリー（または航空機）でしか車で渡れない島
沖縄県,南大東村,南大東島,フェリー（または航空機）でしか車で渡れない島
沖縄県,北大東村,北大東島,フェリー（または航空機）でしか車で渡れない島
沖縄県,伊平屋村,伊平屋島,フェリー（または航空機）でしか車で渡れない島
沖縄県,伊是名村,伊是名島,フェリー（または航空機）でしか車で渡れない島
沖縄県,久米島町,久米島,フェリー（または航空機）でしか車で渡れない島
沖縄県,多良間村,多良間島,フェリー（または航空機）でしか車で渡れない島
沖縄県,竹富町,西表島・竹富島など（八重山諸島）,フェリー（または航空機）でしか車で渡れない島
沖縄県,与那国町,与那国島,フェリー（または航空機）でしか車で渡れない島
